1,Fiorenze,Deluca,Lawrence,1984-07-22
2,Alessandro,Oldam,New York,1972-07-09
3,Adamo,Ligoe,New York,1971-03-26
4,Bryanty,Froud,London,1970-10-30
5,Lewes,Salsberg,Cumberland,1988-05-18
6,Quincey,Franke,Bloomington,1964-10-12
7,Inesita,Dallender,New York,1982-04-05
8,Raquel,Semered,Bloomington,1972-03-21
9,Kerri,Adiscot,Cumberland,1980-06-28
10,Barr,Labbet,Lawrence,1967-07-06
11,Godwin,Lebbern,San Diego,1983-11-16
12,Ange,Symcox,Paris,1977-07-01
13,Marja,Rosedale,New York,1989-03-25
14,Pincas,Paulisch,Berlino,1973-12-24
15,Ami,Adamo,Lawrence,1978-08-10
16,Sansone,Jansen,Lawrence,1968-05-12
17,Brynn,Semor,Oslo,1986-05-09
18,Merrick,Harbron,Pleasantville,1959-11-09
19,Petunia,Breznovic,Prague,1981-02-19
20,Enrico,Zimuel,Milan,1972-04-11
21,Luciano,Gamberini,Rome,1979-11-08
22,Erny,Wrixon,Nashville,1967-02-25
23,Corri,Gavrieli,London,1974-06-30
24,Jefferson,Dewire,Cardiff,1971-02-16
25,Lavena,Capey,Cumberland,1972-02-17
26,Hastings,Sweetman,Los Angeles,1978-08-13
27,Cointon,Stranaghan,New York,1963-12-30
28,Fanchon,Bish,New York,1987-08-27
29,Ramez,Elmasri,Oxford,1970-02-16
30,Shamkant,Navathe,London,1962-11-24
31,Sella,Marriage,Madison,1988-12-01
32,Zilvia,Silver,Nashville,1958-04-25
33,Marnie,Spinke,Los Angeles,1987-09-07
34,Cecile,Follacaro,New York,1986-01-08
35,Theo,McLauchlin,Cardiff,1961-03-01
36,Junia,Everal,Los Angeles,1973-11-09
37,Lu,Jenne,Seul,1977-01-11
38,Giustina,Jezzard,Pleasantville,1969-02-04
39,Breanne,Weben,London,1989-11-13
40,Bartolemo,Chadwin,Pleasantville,1969-07-22
41,Jon,Duckett,Los Angeles,1978-08-16
42,Betti,Benz,Berlino,1977-08-05
43,Cristian,Pes,New York,1981-09-10
44,Jermaine,Van Velde,Los Angeles,1979-04-23
45,Perrine,Blagden,Washington,1984-01-04
46,Bruno,Goodsall,London,1963-04-27
47,Hirsch,Legging,Oxford,1961-12-19
48,Walker,Dumberell,London,1965-12-30
49,Shelbi,Wheelton,Los Angeles,1987-09-12
50,Reta,Philippsohn,Washington,1966-10-08
51,Harlene,Tartt,New York,1984-09-20
52,Jodee,Westwick,Liverpool,1968-01-23
53,Margaretha,Aysik,Washington,1973-03-18
54,Merna,Lambal,London,1969-09-30
55,Vitia,Douch,London,1977-08-20
56,Chelsea,Nannetti,San Diego,1973-04-14
57,Gwyneth,Tinsley,Los Angeles,1986-05-12
58,Jacquenette,Snookes,Lawrence,1973-08-07
59,Yancey,Sacher,Lawrence,1961-04-17
60,Sim,Frondt,Bloomington,1967-05-20
61,Abey,Crowest,New York,1965-07-20
62,Ileane,Spurriar,Los Angeles,1969-09-03
63,Andrej,Von Der Empten,Amsterdam,1989-12-17
64,Beverlee,Jepensen,Cumberland,1976-12-17
65,Maible,Twidale,Bloomington,1963-01-29
66,Cal,Inkin,Oxford,1969-11-22
67,Karie,Bendixen,Amsterdam,1969-12-29
68,Jasen,Itter,Madison,1967-12-24
69,Peri,Maher,Wilpen,1967-04-08
70,Burk,Torr,Bloomington,1984-08-01
71,Farrah,Letham,Oxford,1962-07-15
72,Sandro,Wilcher,Nashville,1990-09-25
73,Roxy,Burnage,Oxford,1955-04-13
74,Boycie,Shorey,Amsterdam,1989-11-20
75,Nicki,Pharrow,Los Angeles,1984-09-16
76,Xylia,Bendle,Cumberland,1975-01-01
77,Ursula,Lockitt,Liverpool,1967-12-14
78,Hannah,Bachnic,Madison,1956-06-22
79,Gabriella,Orum,Madison,1958-11-21
80,Gregorius,McPhater,Pleasantville,1976-12-04
81,Hortense,Whatson,Washington,1978-08-25
82,Gil,Lettington,Los Angeles,1974-08-11
83,Briant,Anespie,Los Angeles,1989-01-01
84,Angil,Beckson,Oxford,1956-05-01
85,Giffer,Leisman,Los Angeles,1959-05-25
86,Mirelle,Hehnke,Los Angeles,1968-06-25
87,Eva,Elcum,Pleasantville,1956-02-20
88,Margaretta,Pardal,New York,1970-03-08
89,Merissa,Senechault,New York,1956-02-02
90,Leroy,Vasiltsov,San Diego,1976-10-13
91,Gertrudis,Corzon,Oxford,1983-06-21
92,Rubie,Delgua,Los Angeles,1970-06-03
93,Ludvig,Callf,London,1971-06-05
94,Emiline,Greenhough,Madison,1982-04-11
95,Booth,Belvard,London,1959-10-11
96,Russ,Leander,Oxford,1959-11-16
97,Branden,Huffer,Bloomington,1955-01-03
98,De,Wackly,Bloomington,1989-09-17
99,Alejandrina,Bardell,Wilpen,1962-10-25
100,Isacco,McSherry,Edimburg,1976-04-17
