586566,Logan ,Collier,571 Highland St. San Antonio TX 78213 ,1488370303
822348,Eddie ,Hansen,9116 Adams St. Vernon Hills IL 60061 ,1203714548
139818,Josh ,Booth,9703 Golf St. Hartford CT 06106 ,3434143777
601005,George ,Gutierrez,18 Birchwood St. Bel Air MD 21014 ,563620308
731226,Kaleb ,Mason,268 6th Drive Muskego WI 53150 ,7755073999
820702,Maximillian ,Caldwell,8880 10th Lane Conway SC 29526 ,4300135010
735048,Jovany ,Larson,406 Forest Dr. Massillon OH 44646 ,2731713285
528314,Jamarion ,Vance,8288 North Buckingham Lane Cocoa FL 32927 ,5170864405
143417,Sebastian ,Olson,9453 Wrangler Drive Naugatuck CT 06770 ,9927188224
875639,Brice ,Sexton,177 Gonzales St. Rock Hill SC 29730 ,8456025624
